input_size,runtime_sec,memory_mb,operations,label
10,0.017027616500854492,0.015625,6870,"10 reads"
50,0.06198430061340332,0.01171875,34350,"50 reads"
100,0.11132287979125977,0,68700,"100 reads"
200,0.2840256690979004,0,137400,"200 reads"
500,0.4998652935028076,0.03515625,343500,"500 reads"