input_size,runtime_sec,memory_mb,operations,label
10,0.03035140037536621,0.3984375,6870,"10 reads"
50,0.12833476066589355,0.00390625,34350,"50 reads"
100,0.32774877548217773,0,68700,"100 reads"
200,0.6159276962280273,0,137400,"200 reads"
500,1.4305219650268555,0.04296875,343500,"500 reads"