input_size,runtime_sec,memory_mb,operations,label
10,0.04583430290222168,0.66015625,100,"10 reads"
50,0.06425690650939941,0.140625,500,"50 reads"
100,0.09940767288208008,0.11328125,1000,"100 reads"
200,0.10564923286437988,0.14453125,2000,"200 reads"
500,0.21127080917358398,0.2734375,5000,"500 reads"